﻿User ID,Timestamp,Campaign ID,Ad Creative ID,Conversion Type,Device Type,Location
user01,2024-02-01T12:30:00Z,campaign01,creative01,click,mobile,USA
user02,2024-02-02T13:30:00Z,campaign02,creative02,purchase,desktop,Canada
user03,2024-02-03T14:30:00Z,campaign03,creative03,sign-up,tablet,UK
user04,2024-02-04T15:30:00Z,campaign04,creative04,click,mobile,Germany
user05,2024-02-05T16:30:00Z,campaign05,creative05,purchase,desktop,France
user06,2024-02-06T17:30:00Z,campaign06,creative06,click,tablet,USA
user07,2024-02-07T18:30:00Z,campaign07,creative07,sign-up,mobile,Canada
user08,2024-02-08T19:30:00Z,campaign08,creative08,purchase,desktop,UK
user09,2024-02-09T20:30:00Z,campaign09,creative09,click,tablet,Germany
user10,2024-02-10T21:30:00Z,campaign10,creative10,sign-up,mobile,France
user11,2024-02-11T22:30:00Z,campaign11,creative11,purchase,desktop,USA
user12,2024-02-12T23:30:00Z,campaign12,creative12,click,tablet,Canada
user13,2024-02-13T01:30:00Z,campaign13,creative13,sign-up,mobile,UK
user14,2024-02-14T02:30:00Z,campaign14,creative14,purchase,desktop,Germany
user15,2024-02-15T03:30:00Z,campaign15,creative15,click,tablet,France