User ID,Timestamp,Campaign ID,Ad Creative ID,Device Type,Location,Conversion Type/Interests
user14,2024-02-14T02:30:00Z,campaign14,creative14,desktop,Germany,purchase
user13,2024-01-13T01:00:00Z,campaign13,creative13,mobile,UK,
user01,2024-01-01T12:00:00Z,campaign01,creative01,mobile,USA,
user07,2024-03-07T18:00:00Z,campaign07,creative07,mobile,Canada,
user02,2024-02-02T13:30:00Z,campaign02,creative02,desktop,Canada,purchase
user08,2024-02-08T19:30:00Z,campaign08,creative08,desktop,UK,purchase
user01,2024-02-01T12:30:00Z,campaign01,creative01,mobile,USA,click
user08,2024-01-08T19:00:00Z,campaign08,creative08,desktop,UK,
user06,2024-03-06T17:00:00Z,campaign06,creative06,tablet,USA,
user01,2024-03-01T12:00:00Z,campaign01,creative01,mobile,USA,
user10,2024-03-10T21:00:00Z,campaign10,creative10,mobile,France,
user02,2024-03-02T13:00:00Z,campaign02,creative02,desktop,Canada,
user04,2024-03-04T15:00:00Z,campaign04,creative04,mobile,Germany,
user07,2024-01-07T18:00:00Z,campaign07,creative07,mobile,Canada,
user10,2024-02-10T21:30:00Z,campaign10,creative10,mobile,France,sign-up
user04,2024-01-04T15:00:00Z,campaign04,creative04,mobile,Germany,
user09,2024-03-09T20:00:00Z,campaign09,creative09,tablet,Germany,
user15,2024-01-15T03:00:00Z,campaign15,creative15,tablet,France,
user12,2024-03-12T23:00:00Z,campaign12,creative12,tablet,Canada,
user03,2024-02-03T14:30:00Z,campaign03,creative03,tablet,UK,sign-up
user10,2024-01-10T21:00:00Z,campaign10,creative10,mobile,France,
user05,2024-01-05T16:00:00Z,campaign05,creative05,desktop,France,
user11,2024-03-11T22:00:00Z,campaign11,creative11,desktop,USA,
user11,2024-02-11T22:30:00Z,campaign11,creative11,desktop,USA,purchase
user05,2024-03-05T16:00:00Z,campaign05,creative05,desktop,France,
user09,2024-01-09T20:00:00Z,campaign09,creative09,tablet,Germany,
user15,2024-03-15T03:00:00Z,campaign15,creative15,tablet,France,
user11,2024-01-11T22:00:00Z,campaign11,creative11,desktop,USA,
user06,2024-02-06T17:30:00Z,campaign06,creative06,tablet,USA,click
user12,2024-01-12T23:00:00Z,campaign12,creative12,tablet,Canada,
user12,2024-02-12T23:30:00Z,campaign12,creative12,tablet,Canada,click
user02,2024-01-02T13:00:00Z,campaign02,creative02,desktop,Canada,
user04,2024-02-04T15:30:00Z,campaign04,creative04,mobile,Germany,click
user09,2024-02-09T20:30:00Z,campaign09,creative09,tablet,Germany,click
user14,2024-01-14T02:00:00Z,campaign14,creative14,desktop,Germany,
user14,2024-03-14T02:00:00Z,campaign14,creative14,desktop,Germany,
user03,2024-03-03T14:00:00Z,campaign03,creative03,tablet,UK,
user05,2024-02-05T16:30:00Z,campaign05,creative05,desktop,France,purchase
user15,2024-02-15T03:30:00Z,campaign15,creative15,tablet,France,click
user08,2024-03-08T19:00:00Z,campaign08,creative08,desktop,UK,
user07,2024-02-07T18:30:00Z,campaign07,creative07,mobile,Canada,sign-up
user13,2024-02-13T01:30:00Z,campaign13,creative13,mobile,UK,sign-up
user03,2024-01-03T14:00:00Z,campaign03,creative03,tablet,UK,
user06,2024-01-06T17:00:00Z,campaign06,creative06,tablet,USA,
user13,2024-03-13T01:00:00Z,campaign13,creative13,mobile,UK,
