﻿[
  {
    "userId": "user01",
    "timestamp": "2024-01-01T12:00:00Z",
    "adCreativeId": "creative01",
    "campaignId": "campaign01",
    "adType": "video",
    "deviceType": "mobile",
    "location": "USA"
  },
  {
    "userId": "user02",
    "timestamp": "2024-01-02T13:00:00Z",
    "adCreativeId": "creative02",
    "campaignId": "campaign02",
    "adType": "image",
    "deviceType": "desktop",
    "location": "Canada"
  },
  {
    "userId": "user03",
    "timestamp": "2024-01-03T14:00:00Z",
    "adCreativeId": "creative03",
    "campaignId": "campaign03",
    "adType": "banner",
    "deviceType": "tablet",
    "location": "UK"
  },
  {
    "userId": "user04",
    "timestamp": "2024-01-04T15:00:00Z",
    "adCreativeId": "creative04",
    "campaignId": "campaign04",
    "adType": "video",
    "deviceType": "mobile",
    "location": "Germany"
  },
  {
    "userId": "user05",
    "timestamp": "2024-01-05T16:00:00Z",
    "adCreativeId": "creative05",
    "campaignId": "campaign05",
    "adType": "image",
    "deviceType": "desktop",
    "location": "France"
  },
  {
    "userId": "user06",
    "timestamp": "2024-01-06T17:00:00Z",
    "adCreativeId": "creative06",
    "campaignId": "campaign06",
    "adType": "banner",
    "deviceType": "tablet",
    "location": "USA"
  },
  {
    "userId": "user07",
    "timestamp": "2024-01-07T18:00:00Z",
    "adCreativeId": "creative07",
    "campaignId": "campaign07",
    "adType": "video",
    "deviceType": "mobile",
    "location": "Canada"
  },
  {
    "userId": "user08",
    "timestamp": "2024-01-08T19:00:00Z",
    "adCreativeId": "creative08",
    "campaignId": "campaign08",
    "adType": "image",
    "deviceType": "desktop",
    "location": "UK"
  },
  {
    "userId": "user09",
    "timestamp": "2024-01-09T20:00:00Z",
    "adCreativeId": "creative09",
    "campaignId": "campaign09",
    "adType": "banner",
    "deviceType": "tablet",
    "location": "Germany"
  },
  {
    "userId": "user10",
    "timestamp": "2024-01-10T21:00:00Z",
    "adCreativeId": "creative10",
    "campaignId": "campaign10",
    "adType": "video",
    "deviceType": "mobile",
    "location": "France"
  },
  {
    "userId": "user11",
    "timestamp": "2024-01-11T22:00:00Z",
    "adCreativeId": "creative11",
    "campaignId": "campaign11",
    "adType": "image",
    "deviceType": "desktop",
    "location": "USA"
  },
  {
    "userId": "user12",
    "timestamp": "2024-01-12T23:00:00Z",
    "adCreativeId": "creative12",
    "campaignId": "campaign12",
    "adType": "banner",
    "deviceType": "tablet",
    "location": "Canada"
  },
  {
    "userId": "user13",
    "timestamp": "2024-01-13T01:00:00Z",
    "adCreativeId": "creative13",
    "campaignId": "campaign13",
    "adType": "video",
    "deviceType": "mobile",
    "location": "UK"
  },
  {
    "userId": "user14",
    "timestamp": "2024-01-14T02:00:00Z",
    "adCreativeId": "creative14",
    "campaignId": "campaign14",
    "adType": "image",
    "deviceType": "desktop",
    "location": "Germany"
  },
  {
    "userId": "user15",
    "timestamp": "2024-01-15T03:00:00Z",
    "adCreativeId": "creative15",
    "campaignId": "campaign15",
    "adType": "banner",
    "deviceType": "tablet",
    "location": "France"
  }
]